session_id,avg_exclusivity,high_echo_posts,total_posts,high_echo_pct,session_echo_risk
session_000,1.92,4,30,13.3,LOW
session_001,2.37,8,30,26.7,MEDIUM
session_002,1.62,4,30,13.3,LOW
session_003,2.15,7,30,23.3,LOW
session_004,1.33,2,30,6.7,LOW
session_005,2.12,3,30,10.0,LOW
session_006,1.73,3,30,10.0,LOW
session_007,1.66,3,30,10.0,LOW
session_008,2.18,3,30,10.0,LOW
session_009,2.28,3,30,10.0,MEDIUM
session_010,1.39,1,30,3.3,LOW
session_011,2.53,6,30,20.0,MEDIUM
session_012,1.9,3,30,10.0,LOW
session_013,1.76,3,30,10.0,LOW
session_014,1.36,2,30,6.7,LOW
session_015,2.02,2,30,6.7,LOW
session_016,1.49,2,30,6.7,LOW
session_017,2.0,4,30,13.3,LOW
session_018,2.35,4,30,13.3,MEDIUM
session_019,1.35,1,30,3.3,LOW
session_020,2.05,5,30,16.7,LOW
session_021,2.27,4,30,13.3,LOW
session_022,1.68,2,30,6.7,LOW
session_023,1.59,0,30,0.0,LOW
session_024,2.0,3,30,10.0,LOW
session_025,1.51,1,30,3.3,LOW
session_026,2.76,2,30,6.7,MEDIUM
session_027,2.37,3,30,10.0,MEDIUM
session_028,1.3,1,30,3.3,LOW
session_029,1.93,3,30,10.0,LOW
session_030,2.0,3,30,10.0,LOW
session_031,1.42,2,30,6.7,LOW
session_032,1.61,4,30,13.3,LOW
session_033,2.56,7,30,23.3,MEDIUM
session_034,1.59,3,30,10.0,LOW
session_035,1.77,6,30,20.0,LOW
session_036,1.95,5,30,16.7,LOW
session_037,1.87,3,30,10.0,LOW
session_038,1.72,2,30,6.7,LOW
session_039,2.0,5,30,16.7,LOW
session_040,3.5,9,30,30.0,HIGH
session_041,4.37,6,30,20.0,HIGH
session_042,3.8,13,30,43.3,HIGH
session_043,2.73,6,30,20.0,MEDIUM
session_044,3.16,8,30,26.7,HIGH
session_045,3.24,8,30,26.7,HIGH
session_046,2.64,6,30,20.0,MEDIUM
session_047,4.12,4,30,13.3,HIGH
session_048,2.81,6,30,20.0,MEDIUM
session_049,3.47,10,30,33.3,HIGH
session_050,2.91,7,30,23.3,MEDIUM
session_051,3.69,7,30,23.3,HIGH
session_052,2.9,9,30,30.0,MEDIUM
session_053,2.34,4,30,13.3,MEDIUM
session_054,4.38,7,30,23.3,HIGH
session_055,3.42,7,30,23.3,HIGH
session_056,3.44,8,30,26.7,HIGH
session_057,3.31,8,30,26.7,HIGH
session_058,2.57,4,30,13.3,MEDIUM
session_059,2.4,3,30,10.0,MEDIUM
session_060,2.23,6,30,20.0,LOW
session_061,3.12,9,30,30.0,MEDIUM
session_062,1.96,4,30,13.3,LOW
session_063,3.13,9,30,30.0,MEDIUM
session_064,4.1,8,30,26.7,HIGH
session_065,2.92,7,30,23.3,MEDIUM
session_066,3.41,7,30,23.3,HIGH
session_067,1.8,2,30,6.7,LOW
session_068,3.49,10,30,33.3,HIGH
session_069,3.97,10,30,33.3,HIGH
session_070,5.04,7,30,23.3,HIGH
session_071,3.47,11,30,36.7,HIGH
session_072,3.03,8,30,26.7,MEDIUM
session_073,2.34,4,30,13.3,MEDIUM
session_074,3.93,10,30,33.3,HIGH
session_075,2.28,6,30,20.0,MEDIUM
session_076,4.5,6,30,20.0,HIGH
session_077,2.25,4,30,13.3,LOW
session_078,4.3,13,30,43.3,HIGH
session_079,3.02,4,30,13.3,MEDIUM
session_080,3.14,9,30,30.0,HIGH
session_081,2.28,5,30,16.7,MEDIUM
session_082,2.38,6,30,20.0,MEDIUM
session_083,2.39,5,30,16.7,MEDIUM
session_084,2.49,7,30,23.3,MEDIUM
session_085,2.17,5,30,16.7,LOW
session_086,3.45,10,30,33.3,HIGH
session_087,3.45,7,30,23.3,HIGH
session_088,2.44,9,30,30.0,MEDIUM
session_089,4.29,9,30,30.0,HIGH
session_090,2.02,4,30,13.3,LOW
session_091,2.72,6,30,20.0,MEDIUM
session_092,2.54,5,30,16.7,MEDIUM
session_093,3.02,5,30,16.7,MEDIUM
session_094,2.82,7,30,23.3,MEDIUM
session_095,2.29,6,30,20.0,MEDIUM
session_096,2.04,4,30,13.3,LOW
session_097,2.07,3,30,10.0,LOW
session_098,2.79,8,30,26.7,MEDIUM
session_099,2.38,4,30,13.3,MEDIUM
session_100,2.29,6,30,20.0,MEDIUM
session_101,2.21,3,30,10.0,LOW
session_102,3.26,6,30,20.0,HIGH
session_103,2.29,5,30,16.7,MEDIUM
session_104,2.21,4,30,13.3,LOW
session_105,2.64,5,30,16.7,MEDIUM
session_106,2.75,8,30,26.7,MEDIUM
session_107,2.03,4,30,13.3,LOW
session_108,2.87,7,30,23.3,MEDIUM
session_109,4.22,10,30,33.3,HIGH
session_110,2.62,6,30,20.0,MEDIUM
session_111,2.02,5,30,16.7,LOW
session_112,2.46,6,30,20.0,MEDIUM
session_113,2.75,7,30,23.3,MEDIUM
session_114,1.73,3,30,10.0,LOW
session_115,2.94,8,30,26.7,MEDIUM
session_116,4.14,10,30,33.3,HIGH
session_117,2.55,7,30,23.3,MEDIUM
session_118,3.76,9,30,30.0,HIGH
session_119,1.73,3,30,10.0,LOW
session_120,1.45,1,30,3.3,LOW
session_121,1.77,2,30,6.7,LOW
session_122,2.82,6,30,20.0,MEDIUM
session_123,2.02,2,30,6.7,LOW
session_124,1.83,1,30,3.3,LOW
session_125,2.31,2,30,6.7,MEDIUM
session_126,2.07,5,30,16.7,LOW
session_127,1.61,2,30,6.7,LOW
session_128,2.0,2,30,6.7,LOW
session_129,2.1,3,30,10.0,LOW
session_130,2.94,6,30,20.0,MEDIUM
session_131,1.64,3,30,10.0,LOW
session_132,2.22,2,30,6.7,LOW
session_133,1.73,3,30,10.0,LOW
session_134,1.36,0,30,0.0,LOW
session_135,1.59,4,30,13.3,LOW
session_136,3.17,5,30,16.7,HIGH
session_137,1.49,2,30,6.7,LOW
session_138,1.76,1,30,3.3,LOW
session_139,2.84,4,30,13.3,MEDIUM
session_140,0.86,0,30,0.0,LOW
session_141,1.53,3,30,10.0,LOW
session_142,1.37,1,30,3.3,LOW
session_143,2.18,4,30,13.3,LOW
session_144,1.83,3,30,10.0,LOW
session_145,1.83,3,30,10.0,LOW
session_146,1.48,2,30,6.7,LOW
session_147,3.09,7,30,23.3,MEDIUM
session_148,1.25,1,30,3.3,LOW
session_149,2.52,6,30,20.0,MEDIUM
session_150,1.31,1,30,3.3,LOW
session_151,1.72,1,30,3.3,LOW
session_152,1.69,3,30,10.0,LOW
session_153,1.73,2,30,6.7,LOW
session_154,1.63,3,30,10.0,LOW
session_155,2.45,5,30,16.7,MEDIUM
session_156,2.38,3,30,10.0,MEDIUM
session_157,1.79,0,30,0.0,LOW
session_158,2.45,3,30,10.0,MEDIUM
session_159,1.94,2,30,6.7,LOW
session_160,1.49,2,30,6.7,LOW
session_161,0.93,2,30,6.7,LOW
session_162,2.05,4,30,13.3,LOW
session_163,1.68,2,30,6.7,LOW
session_164,2.34,5,30,16.7,MEDIUM
session_165,2.21,4,30,13.3,LOW
session_166,1.48,1,30,3.3,LOW
session_167,1.04,0,30,0.0,LOW
session_168,2.51,7,30,23.3,MEDIUM
session_169,2.17,4,30,13.3,LOW
session_170,2.83,5,30,16.7,MEDIUM
session_171,2.28,6,30,20.0,MEDIUM
session_172,1.67,2,30,6.7,LOW
session_173,1.45,2,30,6.7,LOW
session_174,1.92,4,30,13.3,LOW
session_175,1.87,3,30,10.0,LOW
session_176,1.72,4,30,13.3,LOW
session_177,1.62,3,30,10.0,LOW
session_178,2.42,5,30,16.7,MEDIUM
session_179,1.71,3,30,10.0,LOW
session_180,1.81,4,30,13.3,LOW
session_181,1.39,2,30,6.7,LOW
session_182,2.56,3,30,10.0,MEDIUM
session_183,2.21,7,30,23.3,LOW
session_184,1.48,2,30,6.7,LOW
session_185,1.37,1,30,3.3,LOW
session_186,1.93,4,30,13.3,LOW
session_187,1.54,3,30,10.0,LOW
session_188,2.95,4,30,13.3,MEDIUM
session_189,1.48,3,30,10.0,LOW
session_190,2.36,5,30,16.7,MEDIUM
session_191,1.7,4,30,13.3,LOW
session_192,1.76,1,30,3.3,LOW
session_193,1.42,2,30,6.7,LOW
session_194,1.2,2,30,6.7,LOW
session_195,1.87,4,30,13.3,LOW
session_196,1.69,2,30,6.7,LOW
session_197,2.35,5,30,16.7,MEDIUM
